Keypoint_0,Keypoint_1,Keypoint_2,Keypoint_3,Keypoint_4,Keypoint_5,Keypoint_6,Keypoint_7,Keypoint_8,Keypoint_9,Keypoint_10,Keypoint_11,Keypoint_12,Keypoint_13,Keypoint_14,Keypoint_15,Keypoint_16,Keypoint_17,Keypoint_18,Keypoint_19,Keypoint_20
"[0.4824695289134979, 0.9292186498641968]","[0.6186992526054382, 0.8262729644775391]","[0.7349493503570557, 0.6478893756866455]","[0.7641310095787048, 0.48145055770874023]","[0.6751760244369507, 0.39510825276374817]","[0.5895598530769348, 0.4699343144893646]","[0.6022464632987976, 0.30145856738090515]","[0.6270466446876526, 0.3483922481536865]","[0.6412762403488159, 0.4373933970928192]","[0.4871188998222351, 0.451598197221756]","[0.48999595642089844, 0.2565743625164032]","[0.4865827262401581, 0.13996627926826477]","[0.48243722319602966, 0.036746203899383545]","[0.40177759528160095, 0.47325897216796875]","[0.3710673451423645, 0.3063986301422119]","[0.36060625314712524, 0.19069865345954895]","[0.35225796699523926, 0.09908398985862732]","[0.3165969252586365, 0.5314458012580872]","[0.2769707143306732, 0.4153878390789032]","[0.24901604652404785, 0.3300236463546753]","[0.22710222005844116, 0.25274747610092163]"
"[0.47518420219421387, 0.9312357902526855]","[0.6145534515380859, 0.8311148881912231]","[0.7340322732925415, 0.6530131101608276]","[0.7621129751205444, 0.48375657200813293]","[0.6718690395355225, 0.40203961730003357]","[0.5939648747444153, 0.4734037220478058]","[0.6068864464759827, 0.30453652143478394]","[0.6257520914077759, 0.34897106885910034]","[0.63480544090271, 0.43596357107162476]","[0.49330878257751465, 0.4527031183242798]","[0.4973843991756439, 0.2575147747993469]","[0.49532341957092285, 0.13942578434944153]","[0.4922039806842804, 0.03296595811843872]","[0.40875962376594543, 0.4723474979400635]","[0.37795040011405945, 0.3043273687362671]","[0.36913764476776123, 0.1890283226966858]","[0.3623432517051697, 0.0963076651096344]","[0.3221909999847412, 0.5277327299118042]","[0.28089579939842224, 0.4105544686317444]","[0.2532610297203064, 0.32657867670059204]","[0.2329864799976349, 0.2500964403152466]"
"[0.5128722190856934, 0.9530305862426758]","[0.6445391178131104, 0.8708665370941162]","[0.767875075340271, 0.7042461633682251]","[0.8044360876083374, 0.5530573129653931]","[0.7176408767700195, 0.45830127596855164]","[0.6668632626533508, 0.49667149782180786]","[0.6699534058570862, 0.33669590950012207]","[0.6750511527061462, 0.3864893913269043]","[0.6735224723815918, 0.4816671907901764]","[0.5598939657211304, 0.46541517972946167]","[0.5588684678077698, 0.2634351849555969]","[0.555779218673706, 0.14542332291603088]","[0.5574426651000977, 0.039943814277648926]","[0.4674646854400635, 0.48889967799186707]","[0.4340847432613373, 0.31874388456344604]","[0.4138932526111603, 0.2090475857257843]","[0.39777085185050964, 0.11784496903419495]","[0.3729507327079773, 0.5523031949996948]","[0.2906184494495392, 0.45866620540618896]","[0.23257401585578918, 0.38693171739578247]","[0.1888304054737091, 0.3185235857963562]"
"[0.5167776346206665, 0.9416064023971558]","[0.6568393707275391, 0.8548305034637451]","[0.7946256995201111, 0.6727795600891113]","[0.8468509912490845, 0.5238469243049622]","[0.7564818859100342, 0.4371297359466553]","[0.65639728307724, 0.49302685260772705]","[0.6735252141952515, 0.339475154876709]","[0.7054305672645569, 0.337692528963089]","[0.7181835174560547, 0.4005157947540283]","[0.5440307259559631, 0.460011750459671]","[0.5304901599884033, 0.2621495723724365]","[0.5266783237457275, 0.14054182171821594]","[0.5199885964393616, 0.04482531547546387]","[0.45242106914520264, 0.48451319336891174]","[0.40518251061439514, 0.31559571623802185]","[0.38302668929100037, 0.19884419441223145]","[0.36054444313049316, 0.11113360524177551]","[0.3646757900714874, 0.5502748489379883]","[0.26346367597579956, 0.45699524879455566]","[0.19500747323036194, 0.3818354308605194]","[0.14665597677230835, 0.31096339225769043]"
"[0.36344408988952637, 0.8891796469688416]","[0.5288969278335571, 0.8640141487121582]","[0.7025125026702881, 0.7824710011482239]","[0.7213557958602905, 0.6538094282150269]","[0.6050118207931519, 0.5820858478546143]","[0.6409891843795776, 0.5301284193992615]","[0.7179423570632935, 0.42959064245224]","[0.6729981899261475, 0.48466548323631287]","[0.6068887710571289, 0.5481317043304443]","[0.5276834964752197, 0.4581723213195801]","[0.5801809430122375, 0.2596580982208252]","[0.6087548732757568, 0.14509838819503784]","[0.6248332262039185, 0.044881194829940796]","[0.42359185218811035, 0.4491225481033325]","[0.4210251569747925, 0.2757207155227661]","[0.4320255517959595, 0.17677628993988037]","[0.4447613060474396, 0.0946500301361084]","[0.3149503767490387, 0.48627737164497375]","[0.2901686131954193, 0.3615986406803131]","[0.27806001901626587, 0.2809595465660095]","[0.2757043242454529, 0.20813336968421936]"
"[0.52950119972229, 0.9299332499504089]","[0.6298854947090149, 0.8587443232536316]","[0.7215242385864258, 0.7220263481140137]","[0.7256312370300293, 0.5951867699623108]","[0.6354624032974243, 0.5179516077041626]","[0.6421194076538086, 0.49249914288520813]","[0.638800859451294, 0.35825783014297485]","[0.6194971799850464, 0.41684597730636597]","[0.5958784818649292, 0.5018622279167175]","[0.541901171207428, 0.4656466841697693]","[0.54413902759552, 0.27412116527557373]","[0.5425022840499878, 0.1561371088027954]","[0.5453778505325317, 0.03684243559837341]","[0.4579748511314392, 0.487191379070282]","[0.4058808386325836, 0.33326131105422974]","[0.36964938044548035, 0.23357492685317993]","[0.34332334995269775, 0.14167135953903198]","[0.3740707039833069, 0.5515076518058777]","[0.31137704849243164, 0.4408211410045624]","[0.26942959427833557, 0.36324381828308105]","[0.23697596788406372, 0.28722894191741943]"
"[0.5367022156715393, 0.9228513240814209]","[0.6336877942085266, 0.8565255999565125]","[0.7227745652198792, 0.7236512899398804]","[0.7211940288543701, 0.601306140422821]","[0.6290345788002014, 0.5268479585647583]","[0.6432422399520874, 0.4926663637161255]","[0.6367848515510559, 0.3587140142917633]","[0.6167702674865723, 0.4235460162162781]","[0.5937753319740295, 0.5101224780082703]","[0.5425485968589783, 0.4654165804386139]","[0.5410130023956299, 0.2753574252128601]","[0.5401177406311035, 0.15662172436714172]","[0.5434989333152771, 0.03674405813217163]","[0.45775049924850464, 0.4872629642486572]","[0.4031246304512024, 0.3327859044075012]","[0.3668346107006073, 0.23404443264007568]","[0.3414543867111206, 0.1428700089454651]","[0.3757297396659851, 0.5528631210327148]","[0.3118226230144501, 0.44189453125]","[0.2702840268611908, 0.3637160062789917]","[0.2383691370487213, 0.28668564558029175]"
"[0.5007701516151428, 0.9418840408325195]","[0.6421226263046265, 0.8755767345428467]","[0.7858372926712036, 0.725414514541626]","[0.8142278790473938, 0.5666979551315308]","[0.7147815227508545, 0.48084259033203125]","[0.6631368398666382, 0.5129507780075073]","[0.6781458854675293, 0.3520635962486267]","[0.6984182596206665, 0.4001981019973755]","[0.7088170051574707, 0.4944012463092804]","[0.5540118217468262, 0.4769473373889923]","[0.5634407997131348, 0.2704790234565735]","[0.5764126181602478, 0.1436077058315277]","[0.5850323438644409, 0.03483673930168152]","[0.4604203999042511, 0.500389039516449]","[0.41646337509155273, 0.324302613735199]","[0.3952113389968872, 0.20853659510612488]","[0.373407781124115, 0.12033674120903015]","[0.3639697730541229, 0.565364420413971]","[0.27715909481048584, 0.4625663757324219]","[0.21890899538993835, 0.38758671283721924]","[0.17450419068336487, 0.31686490774154663]"
"[0.48318082094192505, 0.8985428810119629]","[0.6352396607398987, 0.8304867744445801]","[0.7796440720558167, 0.681064784526825]","[0.8446166515350342, 0.5382188558578491]","[0.7514049410820007, 0.4775005877017975]","[0.6262824535369873, 0.4807766377925873]","[0.6504697203636169, 0.32890623807907104]","[0.6754547357559204, 0.3485259413719177]","[0.6806285381317139, 0.42844894528388977]","[0.5124646425247192, 0.4518336057662964]","[0.5213371515274048, 0.25611406564712524]","[0.5278443098068237, 0.1398448646068573]","[0.53041011095047, 0.03926011919975281]","[0.41940414905548096, 0.4641037881374359]","[0.37368524074554443, 0.2922198176383972]","[0.35258448123931885, 0.17680589854717255]","[0.3362235128879547, 0.08899396657943726]","[0.3257666528224945, 0.5156267881393433]","[0.24231073260307312, 0.4111100733280182]","[0.18264037370681763, 0.3409585654735565]","[0.13872438669204712, 0.2792632579803467]"
"[0.4971023201942444, 0.9302582740783691]","[0.632339596748352, 0.8194327354431152]","[0.7405953407287598, 0.6438912749290466]","[0.77359539270401, 0.48538556694984436]","[0.690172553062439, 0.39672791957855225]","[0.5880526304244995, 0.4673769474029541]","[0.6020854115486145, 0.2981295585632324]","[0.6345511078834534, 0.34374329447746277]","[0.6517927050590515, 0.43325725197792053]","[0.487836092710495, 0.4528082013130188]","[0.4899469316005707, 0.25723934173583984]","[0.48809462785720825, 0.13857558369636536]","[0.48397815227508545, 0.03197425603866577]","[0.4037114381790161, 0.4772823750972748]","[0.3718518316745758, 0.30569911003112793]","[0.3616027534008026, 0.1878168284893036]","[0.3539182245731354, 0.09387823939323425]","[0.32012253999710083, 0.5365020632743835]","[0.27620917558670044, 0.41561344265937805]","[0.24606335163116455, 0.32774949073791504]","[0.22195902466773987, 0.24920792877674103]"
"[0.5308651924133301, 0.9161908626556396]","[0.6266084313392639, 0.8492821455001831]","[0.7120805382728577, 0.7121607065200806]","[0.7159757018089294, 0.5855987071990967]","[0.6285678744316101, 0.5013512372970581]","[0.6394866704940796, 0.49013397097587585]","[0.6396787166595459, 0.34909743070602417]","[0.6155905723571777, 0.40157777070999146]","[0.585837185382843, 0.4833790957927704]","[0.5386341214179993, 0.4654443562030792]","[0.5480170845985413, 0.2768891453742981]","[0.5502960085868835, 0.1565541923046112]","[0.5557132959365845, 0.03608298301696777]","[0.4535784423351288, 0.48717284202575684]","[0.4053463935852051, 0.3306673467159271]","[0.3714594542980194, 0.22682583332061768]","[0.34749406576156616, 0.13378223776817322]","[0.3718908727169037, 0.552007257938385]","[0.31125587224960327, 0.43633750081062317]","[0.2716493606567383, 0.35645076632499695]","[0.24166613817214966, 0.28064584732055664]"
"[0.5175250768661499, 0.9467452168464661]","[0.6484890580177307, 0.8635982871055603]","[0.7706260085105896, 0.7036076784133911]","[0.8018203973770142, 0.5520418882369995]","[0.7133796811103821, 0.4578751027584076]","[0.6660070419311523, 0.49451252818107605]","[0.6694177389144897, 0.34068563580513]","[0.6755748987197876, 0.3877684473991394]","[0.6722070574760437, 0.4821246862411499]","[0.5597155094146729, 0.46243706345558167]","[0.5570535659790039, 0.26374727487564087]","[0.5516124367713928, 0.1468694806098938]","[0.5488618016242981, 0.04264822602272034]","[0.46766358613967896, 0.4866822361946106]","[0.4328705668449402, 0.31897181272506714]","[0.41374367475509644, 0.20906943082809448]","[0.3976791501045227, 0.11725977063179016]","[0.3726842999458313, 0.5519043803215027]","[0.2888888120651245, 0.45879560708999634]","[0.23069772124290466, 0.3881833851337433]","[0.18629413843154907, 0.32051795721054077]"
"[0.45190101861953735, 0.8917697072029114]","[0.5968281626701355, 0.8178115487098694]","[0.7220516204833984, 0.700014054775238]","[0.8031408786773682, 0.6096414923667908]","[0.7338137030601501, 0.5513426065444946]","[0.585972785949707, 0.47756826877593994]","[0.6782236099243164, 0.3884904980659485]","[0.7055952548980713, 0.46132004261016846]","[0.6912643909454346, 0.546436071395874]","[0.4733787775039673, 0.43785303831100464]","[0.4810031056404114, 0.24584251642227173]","[0.49383607506752014, 0.13805177807807922]","[0.49458426237106323, 0.041668444871902466]","[0.37591278553009033, 0.45049700140953064]","[0.3255383372306824, 0.284676730632782]","[0.3202018141746521, 0.18143326044082642]","[0.32371678948402405, 0.09170839190483093]","[0.2910708785057068, 0.5052769780158997]","[0.23212739825248718, 0.38740503787994385]","[0.20422691106796265, 0.297839492559433]","[0.1951843500137329, 0.2162916362285614]"
"[0.48977258801460266, 0.924460768699646]","[0.6285439729690552, 0.8334348797798157]","[0.75058913230896, 0.6556732654571533]","[0.7965866923332214, 0.49520352482795715]","[0.7076970338821411, 0.4102492034435272]","[0.6220864653587341, 0.4735991060733795]","[0.6432684659957886, 0.3172897696495056]","[0.6756105422973633, 0.35209232568740845]","[0.6922246813774109, 0.4377756118774414]","[0.5198043584823608, 0.4462127089500427]","[0.5285460948944092, 0.2523382902145386]","[0.5391339063644409, 0.13451358675956726]","[0.5525675415992737, 0.03000771999359131]","[0.4306600093841553, 0.46890023350715637]","[0.4045639634132385, 0.30836763978004456]","[0.3973868191242218, 0.19409456849098206]","[0.39142897725105286, 0.10338684916496277]","[0.3396737277507782, 0.5299352407455444]","[0.2754208743572235, 0.43182373046875]","[0.22990357875823975, 0.3563917577266693]","[0.1935558021068573, 0.28748589754104614]"
"[0.6372237801551819, 0.9170661568641663]","[0.7607080936431885, 0.8393290638923645]","[0.8393553495407104, 0.6601110696792603]","[0.7996211051940918, 0.5217968225479126]","[0.6764254570007324, 0.517065703868866]","[0.6871765851974487, 0.4678053557872772]","[0.6752046346664429, 0.3341633081436157]","[0.6895058155059814, 0.3940732181072235]","[0.6952078342437744, 0.4803645610809326]","[0.571774959564209, 0.45380499958992004]","[0.5529834032058716, 0.26507726311683655]","[0.5453087091445923, 0.15416714549064636]","[0.534825325012207, 0.049912869930267334]","[0.4764762222766876, 0.49017083644866943]","[0.39791905879974365, 0.32943737506866455]","[0.351395845413208, 0.22824810445308685]","[0.31621161103248596, 0.1397872269153595]","[0.39090514183044434, 0.5715639591217041]","[0.2865339517593384, 0.47439298033714294]","[0.21722599864006042, 0.4075310230255127]","[0.1608995795249939, 0.33799850940704346]"
"[0.4948023855686188, 0.9217648506164551]","[0.6390179395675659, 0.823633074760437]","[0.7605965733528137, 0.6322920322418213]","[0.819182813167572, 0.47696182131767273]","[0.7407509684562683, 0.3955102562904358]","[0.610968291759491, 0.46688252687454224]","[0.6400505304336548, 0.3121514916419983]","[0.6885737776756287, 0.354785293340683]","[0.7200146317481995, 0.438317209482193]","[0.5109418034553528, 0.4417826235294342]","[0.5183655619621277, 0.25154566764831543]","[0.5291227102279663, 0.13347074389457703]","[0.5404738187789917, 0.024767935276031494]","[0.42317572236061096, 0.4658568203449249]","[0.39216116070747375, 0.30616694688796997]","[0.3851940333843231, 0.19146686792373657]","[0.3796038329601288, 0.10273325443267822]","[0.33734726905822754, 0.5280285477638245]","[0.26378393173217773, 0.4311770498752594]","[0.21374592185020447, 0.34978190064430237]","[0.17556706070899963, 0.278344988822937]"
"[0.7064062356948853, 0.9262182712554932]","[0.8149972558021545, 0.8344744443893433]","[0.8724769949913025, 0.6538807153701782]","[0.806404173374176, 0.5312552452087402]","[0.6826021671295166, 0.5355367064476013]","[0.7029635310173035, 0.4649447202682495]","[0.6718405485153198, 0.33196133375167847]","[0.6921016573905945, 0.39404523372650146]","[0.7070927619934082, 0.4793550670146942]","[0.5826209783554077, 0.4610948860645294]","[0.5386626720428467, 0.27005356550216675]","[0.515296220779419, 0.15611016750335693]","[0.48795270919799805, 0.04979392886161804]","[0.48936688899993896, 0.5087586045265198]","[0.38044238090515137, 0.3579619526863098]","[0.31380409002304077, 0.2628833055496216]","[0.2608012557029724, 0.17856374382972717]","[0.4121559262275696, 0.6021236181259155]","[0.28532853722572327, 0.5202528238296509]","[0.20089289546012878, 0.46489396691322327]","[0.13046911358833313, 0.4043402671813965]"
"[0.45600950717926025, 0.9577540159225464]","[0.6186397075653076, 0.8957420587539673]","[0.755256175994873, 0.7365486025810242]","[0.7914993762969971, 0.5694271922111511]","[0.6916812062263489, 0.4974750876426697]","[0.6047393083572388, 0.4998902380466461]","[0.6053327918052673, 0.3392027020454407]","[0.6235167980194092, 0.399507999420166]","[0.6353302597999573, 0.4884660243988037]","[0.4929903447628021, 0.4737474322319031]","[0.48858416080474854, 0.2686502933502197]","[0.488606333732605, 0.151248037815094]","[0.4878591299057007, 0.03782346844673157]","[0.40085023641586304, 0.4933801591396332]","[0.3684012293815613, 0.3222047686576843]","[0.36154958605766296, 0.21108055114746094]","[0.35442376136779785, 0.11522534489631653]","[0.3082732856273651, 0.5536752343177795]","[0.2574235498905182, 0.42835187911987305]","[0.22860610485076904, 0.3424474000930786]","[0.20327815413475037, 0.261557400226593]"
"[0.4648614525794983, 0.9698780179023743]","[0.631084680557251, 0.89717698097229]","[0.7679997086524963, 0.7318416833877563]","[0.8080100417137146, 0.5630233287811279]","[0.7059836983680725, 0.48649242520332336]","[0.6113826036453247, 0.49945327639579773]","[0.625889778137207, 0.3403724431991577]","[0.6492462158203125, 0.39180535078048706]","[0.6530313491821289, 0.48368626832962036]","[0.4987400770187378, 0.4685017168521881]","[0.5109990239143372, 0.2611221671104431]","[0.5168302655220032, 0.14573246240615845]","[0.5204030871391296, 0.03679525852203369]","[0.40487492084503174, 0.48820802569389343]","[0.3737391531467438, 0.3181750476360321]","[0.36451318860054016, 0.20117992162704468]","[0.3545633852481842, 0.10516947507858276]","[0.30544084310531616, 0.5505354404449463]","[0.2472405731678009, 0.43108782172203064]","[0.21465948224067688, 0.3418869972229004]","[0.1868284046649933, 0.26151031255722046]"
"[0.5223023295402527, 0.9022054076194763]","[0.6408743858337402, 0.8230326175689697]","[0.7524886131286621, 0.6650843620300293]","[0.7642607688903809, 0.5135723948478699]","[0.6629530787467957, 0.43479034304618835]","[0.640448808670044, 0.4792618453502655]","[0.6489526629447937, 0.32409048080444336]","[0.648415744304657, 0.3576333522796631]","[0.6429914236068726, 0.4332805275917053]","[0.533580482006073, 0.45345285534858704]","[0.5197110772132874, 0.26031333208084106]","[0.5119344592094421, 0.1471041440963745]","[0.5053956508636475, 0.050323277711868286]","[0.4470304250717163, 0.47644415497779846]","[0.4086672067642212, 0.31943392753601074]","[0.39291638135910034, 0.21630579233169556]","[0.37904852628707886, 0.13158831000328064]","[0.36315256357192993, 0.5372204184532166]","[0.2965812683105469, 0.43573233485221863]","[0.25278282165527344, 0.3657503128051758]","[0.21751853823661804, 0.29975804686546326]"
"[0.52861487865448, 0.9017871618270874]","[0.6497011184692383, 0.8078594207763672]","[0.7595612406730652, 0.6568112373352051]","[0.7887514233589172, 0.5078129768371582]","[0.7029305100440979, 0.4196910560131073]","[0.6328148245811462, 0.4721710979938507]","[0.6389589309692383, 0.3301544189453125]","[0.6571208834648132, 0.35148540139198303]","[0.666740357875824, 0.4218551814556122]","[0.5269275903701782, 0.45043009519577026]","[0.5182613730430603, 0.26231199502944946]","[0.5152390003204346, 0.1475338637828827]","[0.5162221789360046, 0.04227417707443237]","[0.44027915596961975, 0.4726269543170929]","[0.39450615644454956, 0.3108687698841095]","[0.3737005591392517, 0.20246389508247375]","[0.35778412222862244, 0.11439526081085205]","[0.3523533046245575, 0.5333328247070312]","[0.27843111753463745, 0.42455998063087463]","[0.23352494835853577, 0.34662318229675293]","[0.19977310299873352, 0.27310997247695923]"
"[0.6792646646499634, 0.9567393660545349]","[0.7883312702178955, 0.8877279162406921]","[0.8728315830230713, 0.7317636609077454]","[0.8093960881233215, 0.6341390609741211]","[0.6772017478942871, 0.6537563800811768]","[0.7230405211448669, 0.5290758609771729]","[0.6971615552902222, 0.41258907318115234]","[0.6949146389961243, 0.5149294137954712]","[0.687195897102356, 0.6046811938285828]","[0.6045150756835938, 0.5102298855781555]","[0.5868926048278809, 0.30335909128189087]","[0.5945447683334351, 0.17046582698822021]","[0.5930148363113403, 0.045168161392211914]","[0.5041807889938354, 0.5523541569709778]","[0.39868998527526855, 0.3723990321159363]","[0.33280861377716064, 0.26910725235939026]","[0.2778686285018921, 0.17709311842918396]","[0.4194481670856476, 0.6432963013648987]","[0.29260626435279846, 0.5415355563163757]","[0.2079804539680481, 0.48235049843788147]","[0.13393312692642212, 0.4192323088645935]"
"[0.5503402948379517, 0.9302712082862854]","[0.6850051879882812, 0.8708412051200867]","[0.7864519953727722, 0.7005678415298462]","[0.7414485216140747, 0.5689585208892822]","[0.6136783361434937, 0.5479689240455627]","[0.6664459109306335, 0.5009429454803467]","[0.6635390520095825, 0.36595267057418823]","[0.6537613272666931, 0.4420773983001709]","[0.634990930557251, 0.5314162373542786]","[0.5602977871894836, 0.467695951461792]","[0.5811099410057068, 0.27848249673843384]","[0.6039134860038757, 0.15965226292610168]","[0.6195791363716125, 0.05216071009635925]","[0.4599689841270447, 0.4871998429298401]","[0.42049646377563477, 0.313668429851532]","[0.40160492062568665, 0.20615196228027344]","[0.38955065608024597, 0.1127079427242279]","[0.35840973258018494, 0.5503854155540466]","[0.28469717502593994, 0.4272904694080353]","[0.23855522274971008, 0.3491789698600769]","[0.20273494720458984, 0.271200954914093]"
"[0.4848306179046631, 0.9229045510292053]","[0.6299669742584229, 0.8295861482620239]","[0.7523014545440674, 0.6499521136283875]","[0.797245442867279, 0.49095356464385986]","[0.7111498713493347, 0.40328776836395264]","[0.6229606866836548, 0.4748455882072449]","[0.6431561708450317, 0.31881946325302124]","[0.6792946457862854, 0.3577960133552551]","[0.6983852386474609, 0.446338951587677]","[0.5208454728126526, 0.44639092683792114]","[0.5284991264343262, 0.252963662147522]","[0.5360243320465088, 0.1363312005996704]","[0.5476106405258179, 0.029556989669799805]","[0.43174034357070923, 0.4687836170196533]","[0.40373456478118896, 0.30853715538978577]","[0.3979249596595764, 0.1930844783782959]","[0.39352911710739136, 0.1029721200466156]","[0.33927610516548157, 0.529173731803894]","[0.27268022298812866, 0.4312441349029541]","[0.2265528440475464, 0.35252803564071655]","[0.1899918019771576, 0.2829945683479309]"
"[0.5461651086807251, 0.9066803455352783]","[0.6700674295425415, 0.8053205013275146]","[0.7767748832702637, 0.6291351318359375]","[0.8104159235954285, 0.47343897819519043]","[0.7208998799324036, 0.40409955382347107]","[0.6283988952636719, 0.45734333992004395]","[0.6422795057296753, 0.30489227175712585]","[0.6754652857780457, 0.32939261198043823]","[0.6958063244819641, 0.40416377782821655]","[0.5234289169311523, 0.4372093975543976]","[0.515798807144165, 0.24795977771282196]","[0.509428083896637, 0.132951557636261]","[0.49936336278915405, 0.03333789110183716]","[0.4396509528160095, 0.46125078201293945]","[0.38044238090515137, 0.3124900460243225]","[0.34357014298439026, 0.20614951848983765]","[0.3103875517845154, 0.1261671483516693]","[0.35627052187919617, 0.522372305393219]","[0.28145071864128113, 0.43030494451522827]","[0.22632411122322083, 0.3594929277896881]","[0.18069496750831604, 0.29837682843208313]"
"[0.5563316345214844, 0.8442458510398865]","[0.6785427331924438, 0.7421027421951294]","[0.7615089416503906, 0.5729100108146667]","[0.7699249982833862, 0.42486098408699036]","[0.6799015402793884, 0.3595597743988037]","[0.6424186825752258, 0.42521315813064575]","[0.6696865558624268, 0.30538198351860046]","[0.6822776198387146, 0.3464360237121582]","[0.6776360273361206, 0.41768378019332886]","[0.5385599136352539, 0.40173178911209106]","[0.5378769636154175, 0.2230391800403595]","[0.5338484644889832, 0.1243513822555542]","[0.5298686623573303, 0.032426267862319946]","[0.4522715210914612, 0.42378050088882446]","[0.3956770896911621, 0.27686864137649536]","[0.3754701316356659, 0.1803121268749237]","[0.35858461260795593, 0.10388073325157166]","[0.36802324652671814, 0.4830237925052643]","[0.29503265023231506, 0.3802962601184845]","[0.25060057640075684, 0.3019489347934723]","[0.21596089005470276, 0.2334546595811844]"
"[0.5274572968482971, 0.9041717648506165]","[0.6490853428840637, 0.8127668499946594]","[0.7634199261665344, 0.6568861603736877]","[0.7940317988395691, 0.5056565403938293]","[0.6995954513549805, 0.42272353172302246]","[0.6347048282623291, 0.475260853767395]","[0.6433560848236084, 0.3291771411895752]","[0.6612677574157715, 0.35960936546325684]","[0.67022705078125, 0.4357137978076935]","[0.5281780958175659, 0.45208755135536194]","[0.5178471207618713, 0.2619534730911255]","[0.513899564743042, 0.14757701754570007]","[0.5139657855033875, 0.04377683997154236]","[0.44159573316574097, 0.4747503101825714]","[0.3944941759109497, 0.3110365569591522]","[0.3732730448246002, 0.20175719261169434]","[0.35617178678512573, 0.11326992511749268]","[0.3560515344142914, 0.5352494716644287]","[0.2790512442588806, 0.4275626838207245]","[0.23130598664283752, 0.35109031200408936]","[0.1952815055847168, 0.27853626012802124]"
"[0.5235772132873535, 0.9028061628341675]","[0.641207218170166, 0.8223898410797119]","[0.7485566139221191, 0.6708372831344604]","[0.7595354318618774, 0.5220029950141907]","[0.6659533977508545, 0.4410625994205475]","[0.6440302729606628, 0.48215043544769287]","[0.6457424163818359, 0.3295474946498871]","[0.6437231302261353, 0.3523485064506531]","[0.6386377215385437, 0.41771912574768066]","[0.5364131331443787, 0.45475924015045166]","[0.5214256644248962, 0.26075446605682373]","[0.5109587907791138, 0.14825186133384705]","[0.5043087601661682, 0.05032724142074585]","[0.44790905714035034, 0.4758198857307434]","[0.4083572328090668, 0.31805965304374695]","[0.38976365327835083, 0.21554908156394958]","[0.37549638748168945, 0.13029548525810242]","[0.35971254110336304, 0.5356274247169495]","[0.29352155327796936, 0.43138375878334045]","[0.2504117488861084, 0.36176174879074097]","[0.215664803981781, 0.2974310517311096]"
"[0.49483418464660645, 0.9494079351425171]","[0.660068690776825, 0.856624960899353]","[0.7823757529258728, 0.6667882800102234]","[0.8000782132148743, 0.48766353726387024]","[0.6969965696334839, 0.40250810980796814]","[0.605260968208313, 0.47439026832580566]","[0.6073002815246582, 0.3116382658481598]","[0.6272825002670288, 0.3476683497428894]","[0.6362177729606628, 0.42861634492874146]","[0.4870239496231079, 0.45172685384750366]","[0.4655742049217224, 0.25107747316360474]","[0.45102614164352417, 0.13953673839569092]","[0.4355805516242981, 0.042346954345703125]","[0.39587393403053284, 0.4763202965259552]","[0.34325718879699707, 0.3070986866950989]","[0.32510125637054443, 0.1916637122631073]","[0.3105784058570862, 0.101156085729599]","[0.3074812889099121, 0.5435552000999451]","[0.2386864721775055, 0.4250735342502594]","[0.2007385492324829, 0.33804547786712646]","[0.17154666781425476, 0.26063066720962524]"
"[0.4411655068397522, 0.9458472728729248]","[0.6095021367073059, 0.8683199882507324]","[0.7465184330940247, 0.7036505937576294]","[0.7841969728469849, 0.5317952036857605]","[0.6901022791862488, 0.43490272760391235]","[0.609600305557251, 0.4875861406326294]","[0.6209930777549744, 0.32602646946907043]","[0.6279940605163574, 0.35735172033309937]","[0.6195635795593262, 0.4397117495536804]","[0.49246132373809814, 0.45591533184051514]","[0.49482545256614685, 0.255317747592926]","[0.4899178445339203, 0.1425095796585083]","[0.48412472009658813, 0.04376256465911865]","[0.3967675566673279, 0.4719353914260864]","[0.3634183406829834, 0.30032259225845337]","[0.3565276563167572, 0.18419376015663147]","[0.3504546284675598, 0.09406819939613342]","[0.29567399621009827, 0.5281509160995483]","[0.246873676776886, 0.4042724072933197]","[0.2209591567516327, 0.31303924322128296]","[0.2028352916240692, 0.2339218258857727]"
"[0.5053255558013916, 0.9490718841552734]","[0.6416552066802979, 0.860601544380188]","[0.7682241201400757, 0.6951377391815186]","[0.8251977562904358, 0.545171320438385]","[0.7480408549308777, 0.4491446018218994]","[0.6406206488609314, 0.5082359910011292]","[0.67558354139328, 0.3587528467178345]","[0.715709388256073, 0.37721145153045654]","[0.7350472211837769, 0.4493162930011749]","[0.5369775891304016, 0.4740673899650574]","[0.5512135624885559, 0.27704280614852905]","[0.5663702487945557, 0.1573745310306549]","[0.5783959627151489, 0.05194917321205139]","[0.44804397225379944, 0.48745426535606384]","[0.4145057201385498, 0.3046773374080658]","[0.4014996290206909, 0.18464237451553345]","[0.38894253969192505, 0.09118533134460449]","[0.3568769693374634, 0.5410401821136475]","[0.2741836607456207, 0.4197978675365448]","[0.22011977434158325, 0.3292182683944702]","[0.17932367324829102, 0.2460920810699463]"
"[0.4873531460762024, 0.9506661891937256]","[0.6346401572227478, 0.8489129543304443]","[0.7664949893951416, 0.6734237670898438]","[0.8100786805152893, 0.5075264573097229]","[0.7163349390029907, 0.4187059998512268]","[0.6195030212402344, 0.4883212447166443]","[0.6348828077316284, 0.32471567392349243]","[0.6527059078216553, 0.3580820560455322]","[0.6547302603721619, 0.4439142942428589]","[0.5092036724090576, 0.46138668060302734]","[0.5095319747924805, 0.2644299864768982]","[0.5058422088623047, 0.14332488179206848]","[0.501471221446991, 0.03680682182312012]","[0.41977423429489136, 0.4848935008049011]","[0.3806149661540985, 0.3233226239681244]","[0.36928632855415344, 0.20572346448898315]","[0.3600926697254181, 0.11121922731399536]","[0.3308144807815552, 0.5493095517158508]","[0.25410526990890503, 0.4529399275779724]","[0.2045811116695404, 0.375530481338501]","[0.16561448574066162, 0.30682700872421265]"
"[0.46267029643058777, 0.9439672231674194]","[0.6238614916801453, 0.8466678261756897]","[0.7627208232879639, 0.6833930611610413]","[0.8283680081367493, 0.5264430642127991]","[0.7530672550201416, 0.43107858300209045]","[0.6006070375442505, 0.4952562749385834]","[0.6291677951812744, 0.3361875116825104]","[0.6689595580101013, 0.3613142669200897]","[0.690532922744751, 0.4363640546798706]","[0.49389341473579407, 0.46568185091018677]","[0.5120911002159119, 0.263075590133667]","[0.5247858762741089, 0.14451736211776733]","[0.5379204750061035, 0.03962162137031555]","[0.4022299647331238, 0.4844704270362854]","[0.3756534457206726, 0.31099915504455566]","[0.3737253248691559, 0.19057652354240417]","[0.3769075870513916, 0.09434494376182556]","[0.31083518266677856, 0.5444456934928894]","[0.23761209845542908, 0.4354061484336853]","[0.19038212299346924, 0.3489120602607727]","[0.15613487362861633, 0.2706846296787262]"
"[0.5124670267105103, 0.8972227573394775]","[0.6476574540138245, 0.793647050857544]","[0.7643441557884216, 0.6285855174064636]","[0.8146762847900391, 0.4758274555206299]","[0.7348892688751221, 0.3832854926586151]","[0.5979783535003662, 0.46243923902511597]","[0.626967191696167, 0.3097655177116394]","[0.6756746768951416, 0.3209419250488281]","[0.705823540687561, 0.3904918432235718]","[0.4945409893989563, 0.4365791082382202]","[0.4989132583141327, 0.24509982764720917]","[0.5040050148963928, 0.13351526856422424]","[0.5034427642822266, 0.03486555814743042]","[0.41198402643203735, 0.4515693187713623]","[0.3625558316707611, 0.2950950860977173]","[0.3347444534301758, 0.18701890110969543]","[0.306537389755249, 0.10985037684440613]","[0.3266654908657074, 0.5025764107704163]","[0.25778430700302124, 0.40054088830947876]","[0.2074550986289978, 0.32368555665016174]","[0.16556110978126526, 0.26110485196113586]"
"[0.499927818775177, 0.8968046307563782]","[0.6351518034934998, 0.8016055822372437]","[0.7552860975265503, 0.6334079504013062]","[0.7930630445480347, 0.4749872088432312]","[0.7078479528427124, 0.3898489773273468]","[0.6120738983154297, 0.4628151059150696]","[0.6348116993904114, 0.3128105401992798]","[0.661545991897583, 0.32917994260787964]","[0.6736283302307129, 0.3971532881259918]","[0.5053684711456299, 0.4364142417907715]","[0.5113901495933533, 0.24864652752876282]","[0.5147585272789001, 0.13624611496925354]","[0.5167469382286072, 0.0348663330078125]","[0.4190860986709595, 0.4520469307899475]","[0.3716598153114319, 0.3012807369232178]","[0.34787458181381226, 0.19482433795928955]","[0.32736557722091675, 0.1142909824848175]","[0.32928207516670227, 0.5047588348388672]","[0.2683822512626648, 0.40565213561058044]","[0.2258634865283966, 0.33069276809692383]","[0.19111472368240356, 0.26707929372787476]"
"[0.4743839502334595, 0.9177638292312622]","[0.6270468235015869, 0.8233482837677002]","[0.7542746067047119, 0.6377955675125122]","[0.8127999305725098, 0.4810166358947754]","[0.7353473901748657, 0.39310529828071594]","[0.6079630851745605, 0.46714305877685547]","[0.6413933038711548, 0.3121137320995331]","[0.6857647895812988, 0.3529607057571411]","[0.7108893394470215, 0.43331122398376465]","[0.5070850849151611, 0.440330445766449]","[0.5220690965652466, 0.2506728768348694]","[0.5375490784645081, 0.13381806015968323]","[0.5500409007072449, 0.028837472200393677]","[0.4179952144622803, 0.46492013335227966]","[0.38189753890037537, 0.3055513799190521]","[0.37135112285614014, 0.19104331731796265]","[0.36445894837379456, 0.09923765063285828]","[0.3315238058567047, 0.5286445021629333]","[0.2597460150718689, 0.43088412284851074]","[0.2122507095336914, 0.34994983673095703]","[0.17777875065803528, 0.2753816545009613]"
"[0.5285019874572754, 0.8962967991828918]","[0.6490011811256409, 0.8043322563171387]","[0.7592325210571289, 0.6564602851867676]","[0.7903419137001038, 0.5143299698829651]","[0.7045979499816895, 0.43129271268844604]","[0.6325517296791077, 0.4711886942386627]","[0.6372509598731995, 0.32878416776657104]","[0.6565984487533569, 0.3523939251899719]","[0.6679587364196777, 0.42540037631988525]","[0.5273105502128601, 0.45154258608818054]","[0.5173949003219604, 0.26410460472106934]","[0.5146676301956177, 0.1491812765598297]","[0.5149190425872803, 0.046333491802215576]","[0.4408115744590759, 0.474906861782074]","[0.39747175574302673, 0.31196168065071106]","[0.3771839439868927, 0.20252859592437744]","[0.3622661232948303, 0.11402127146720886]","[0.3537987172603607, 0.5359961986541748]","[0.2813504636287689, 0.42784562706947327]","[0.23567214608192444, 0.3493369221687317]","[0.20165470242500305, 0.27454525232315063]"
"[0.5336130857467651, 0.842556357383728]","[0.6670451164245605, 0.745209276676178]","[0.7561850547790527, 0.5781336426734924]","[0.7801195979118347, 0.430776983499527]","[0.6916804313659668, 0.366881400346756]","[0.6340430974960327, 0.43040499091148376]","[0.6672124862670898, 0.31387773156166077]","[0.6821485757827759, 0.3505217432975769]","[0.6785502433776855, 0.41724202036857605]","[0.530329167842865, 0.40246906876564026]","[0.5318970084190369, 0.2231825292110443]","[0.5307249426841736, 0.12552309036254883]","[0.5297256708145142, 0.032703250646591187]","[0.44323986768722534, 0.42022308707237244]","[0.3841509222984314, 0.2696864604949951]","[0.3646874725818634, 0.17136554419994354]","[0.34853947162628174, 0.0948958694934845]","[0.3599126636981964, 0.47511404752731323]","[0.283680260181427, 0.366676926612854]","[0.2387024164199829, 0.2853361964225769]","[0.20466846227645874, 0.2151009887456894]"
"[0.5189104676246643, 0.9491274356842041]","[0.6711732745170593, 0.8789332509040833]","[0.7809998989105225, 0.701434850692749]","[0.8003852963447571, 0.5363051295280457]","[0.6975639462471008, 0.4750511050224304]","[0.6133248209953308, 0.47829920053482056]","[0.5989660024642944, 0.3266945779323578]","[0.6231192350387573, 0.37538808584213257]","[0.6390233039855957, 0.46705642342567444]","[0.4993089437484741, 0.4639738202095032]","[0.4789591133594513, 0.2633512318134308]","[0.4657191336154938, 0.14521309733390808]","[0.45002633333206177, 0.03552824258804321]","[0.4080902338027954, 0.4919474422931671]","[0.3547579348087311, 0.3238343298435211]","[0.32894861698150635, 0.21623249351978302]","[0.30703142285346985, 0.12445154786109924]","[0.31937316060066223, 0.5638665556907654]","[0.2506137192249298, 0.44875144958496094]","[0.20674031972885132, 0.36488133668899536]","[0.17226073145866394, 0.28442052006721497]"
"[0.5219343900680542, 0.9424988031387329]","[0.6573987603187561, 0.8586997985839844]","[0.7779684662818909, 0.6934182643890381]","[0.8277474045753479, 0.545651912689209]","[0.7512191534042358, 0.4547691345214844]","[0.653528094291687, 0.5082799792289734]","[0.6838523745536804, 0.3598354458808899]","[0.7205246090888977, 0.3740723729133606]","[0.7381770610809326, 0.44263070821762085]","[0.5475388765335083, 0.4758918583393097]","[0.5590962767601013, 0.27899524569511414]","[0.5734573602676392, 0.15754500031471252]","[0.583545982837677, 0.05172508955001831]","[0.4562380909919739, 0.49128589034080505]","[0.4201594591140747, 0.3107524514198303]","[0.4065101742744446, 0.1897517442703247]","[0.39251893758773804, 0.09549939632415771]","[0.36378759145736694, 0.5467162132263184]","[0.2760046720504761, 0.4296429753303528]","[0.21804550290107727, 0.34309661388397217]","[0.17373371124267578, 0.26391085982322693]"
"[0.4793829917907715, 0.9104897975921631]","[0.6196085810661316, 0.8216793537139893]","[0.7415137887001038, 0.6482723355293274]","[0.7729026675224304, 0.4830464720726013]","[0.6801103353500366, 0.4043128788471222]","[0.6201173067092896, 0.4703012704849243]","[0.6412234902381897, 0.3121150732040405]","[0.6580336093902588, 0.3421492874622345]","[0.6671144366264343, 0.4149850606918335]","[0.5172767639160156, 0.43998050689697266]","[0.5229614973068237, 0.250572144985199]","[0.5243996381759644, 0.13661468029022217]","[0.5248816013336182, 0.035735368728637695]","[0.43161246180534363, 0.4566337764263153]","[0.3842809796333313, 0.3045251965522766]","[0.36398738622665405, 0.20200315117835999]","[0.3458814322948456, 0.1245877742767334]","[0.3419533371925354, 0.5100910663604736]","[0.2864407002925873, 0.411514550447464]","[0.24887126684188843, 0.3396975100040436]","[0.2174435257911682, 0.2791566252708435]"
"[0.5257149338722229, 0.9051777124404907]","[0.6528464555740356, 0.8101083636283875]","[0.7644233703613281, 0.6347607374191284]","[0.7941346168518066, 0.4751536548137665]","[0.7059510350227356, 0.396304726600647]","[0.6243414282798767, 0.45788225531578064]","[0.6382578015327454, 0.3020118772983551]","[0.6610782742500305, 0.3338387608528137]","[0.6729888916015625, 0.4101567566394806]","[0.5211254358291626, 0.4357622265815735]","[0.5167660117149353, 0.24861067533493042]","[0.5089036226272583, 0.13549479842185974]","[0.4975266456604004, 0.03468504548072815]","[0.43936657905578613, 0.4584626853466034]","[0.3848349452018738, 0.3107430338859558]","[0.3513525128364563, 0.20583021640777588]","[0.32070860266685486, 0.1253323256969452]","[0.35646846890449524, 0.5187971591949463]","[0.28883618116378784, 0.42856279015541077]","[0.24014988541603088, 0.35947251319885254]","[0.19778919219970703, 0.301585853099823]"
"[0.5397717952728271, 0.9231767654418945]","[0.6750969886779785, 0.8677133321762085]","[0.7842450737953186, 0.705143928527832]","[0.743394136428833, 0.5681754350662231]","[0.6107794642448425, 0.5465671420097351]","[0.6653620004653931, 0.5001001954078674]","[0.672754168510437, 0.37188780307769775]","[0.6625913381576538, 0.45143088698387146]","[0.6419491767883301, 0.5416442155838013]","[0.559990644454956, 0.46308282017707825]","[0.5925080180168152, 0.27312591671943665]","[0.6234601736068726, 0.15476444363594055]","[0.647402286529541, 0.046603769063949585]","[0.4597558379173279, 0.4813796877861023]","[0.4233648180961609, 0.309808611869812]","[0.4068413972854614, 0.20254001021385193]","[0.3973786234855652, 0.10842478275299072]","[0.3584078252315521, 0.5445975661277771]","[0.2866334915161133, 0.4226890206336975]","[0.24315622448921204, 0.34592899680137634]","[0.21066796779632568, 0.2683038115501404]"
"[0.49231237173080444, 0.9511732459068298]","[0.6474199295043945, 0.8452797532081604]","[0.7777078747749329, 0.6795469522476196]","[0.8360958099365234, 0.5294003486633301]","[0.7573317289352417, 0.4442722797393799]","[0.6094322204589844, 0.4957067668437958]","[0.6284337639808655, 0.3357364535331726]","[0.6728177070617676, 0.37104538083076477]","[0.7028601765632629, 0.45135194063186646]","[0.5026265978813171, 0.47361329197883606]","[0.502457857131958, 0.26838359236717224]","[0.506261944770813, 0.14457014203071594]","[0.5097619891166687, 0.03613892197608948]","[0.41176819801330566, 0.49939554929733276]","[0.3724077343940735, 0.3239821791648865]","[0.3595667779445648, 0.2011169195175171]","[0.3531964421272278, 0.10244357585906982]","[0.3257605731487274, 0.5666921138763428]","[0.2404632270336151, 0.46307137608528137]","[0.18390533328056335, 0.3813331127166748]","[0.14113610982894897, 0.3083464801311493]"
"[0.4754995107650757, 0.9469940066337585]","[0.6375696659088135, 0.8421703577041626]","[0.7704182267189026, 0.6729190349578857]","[0.8312816023826599, 0.5204201936721802]","[0.7572076916694641, 0.42723777890205383]","[0.6058868765830994, 0.4897664487361908]","[0.6294240355491638, 0.3300313949584961]","[0.6684761643409729, 0.3571752905845642]","[0.6908387541770935, 0.43482762575149536]","[0.4989505410194397, 0.4648798704147339]","[0.4995275139808655, 0.26462966203689575]","[0.5035730600357056, 0.14368441700935364]","[0.50706946849823, 0.037352919578552246]","[0.4087510406970978, 0.4884646236896515]","[0.3755907416343689, 0.31639933586120605]","[0.36836355924606323, 0.19472205638885498]","[0.3629729449748993, 0.09945324063301086]","[0.3214700222015381, 0.5518319606781006]","[0.24168157577514648, 0.44804641604423523]","[0.19057947397232056, 0.3640367090702057]","[0.15117138624191284, 0.29059189558029175]"
"[0.5204878449440002, 0.9284143447875977]","[0.6550467610359192, 0.8498234152793884]","[0.7786524295806885, 0.6901684999465942]","[0.8257598280906677, 0.5424321889877319]","[0.7487933039665222, 0.44795793294906616]","[0.6597417593002319, 0.4990163743495941]","[0.6836371421813965, 0.3511233627796173]","[0.7159584760665894, 0.372496634721756]","[0.7336429953575134, 0.447051078081131]","[0.5529741644859314, 0.4678542912006378]","[0.5642943382263184, 0.27601224184036255]","[0.5795007348060608, 0.1571018099784851]","[0.5910725593566895, 0.05338898301124573]","[0.45825719833374023, 0.48414716124534607]","[0.4249034523963928, 0.3066245913505554]","[0.40904104709625244, 0.18956506252288818]","[0.396331250667572, 0.09723591804504395]","[0.36165928840637207, 0.5423511266708374]","[0.27974435687065125, 0.42860445380210876]","[0.22150781750679016, 0.3457862138748169]","[0.1778748631477356, 0.26670414209365845]"
"[0.508948564529419, 0.9506487846374512]","[0.6469517350196838, 0.8630630970001221]","[0.7720757722854614, 0.6972363591194153]","[0.8242142200469971, 0.5499373078346252]","[0.7507665753364563, 0.45542535185813904]","[0.6406269669532776, 0.5112742185592651]","[0.6692671179771423, 0.353937566280365]","[0.7121222019195557, 0.38065487146377563]","[0.734776496887207, 0.4622061848640442]","[0.537946879863739, 0.47785425186157227]","[0.549207329750061, 0.279201477766037]","[0.566418468952179, 0.1555292308330536]","[0.5767878293991089, 0.05150827765464783]","[0.44906312227249146, 0.4918256402015686]","[0.41505610942840576, 0.3100956082344055]","[0.40345317125320435, 0.18705347180366516]","[0.38993290066719055, 0.09242165088653564]","[0.3591964840888977, 0.5441946983337402]","[0.2762233018875122, 0.42416468262672424]","[0.22039490938186646, 0.33358752727508545]","[0.17869606614112854, 0.24947601556777954]"
"[0.5313060879707336, 0.8288708329200745]","[0.6481260657310486, 0.7388165593147278]","[0.7324965596199036, 0.5789836645126343]","[0.7080658078193665, 0.4308492839336395]","[0.6197399497032166, 0.35135775804519653]","[0.6611319780349731, 0.4328228831291199]","[0.6881587505340576, 0.3167237937450409]","[0.6761812567710876, 0.3539973497390747]","[0.6524098515510559, 0.41878262162208557]","[0.5582536458969116, 0.401131272315979]","[0.5678948760032654, 0.22929155826568604]","[0.5677772760391235, 0.1324058175086975]","[0.563813328742981, 0.04370763897895813]","[0.46971794962882996, 0.41842496395111084]","[0.4330761432647705, 0.27369844913482666]","[0.417976438999176, 0.18161576986312866]","[0.4005005359649658, 0.10575231909751892]","[0.3775719702243805, 0.47300735116004944]","[0.3097020089626312, 0.3729877471923828]","[0.27323344349861145, 0.29921746253967285]","[0.2431013286113739, 0.2330438643693924]"
"[0.5144388675689697, 0.9511417150497437]","[0.653522789478302, 0.8815731406211853]","[0.7893217206001282, 0.7257391214370728]","[0.8151943683624268, 0.564938485622406]","[0.7114543914794922, 0.48109620809555054]","[0.6677946448326111, 0.5205318927764893]","[0.6777248382568359, 0.3665623068809509]","[0.7000094056129456, 0.41326677799224854]","[0.7111058235168457, 0.5062468647956848]","[0.5551141500473022, 0.48412495851516724]","[0.5629411935806274, 0.2708016633987427]","[0.5741732120513916, 0.14701184630393982]","[0.5831900835037231, 0.04025828838348389]","[0.46025407314300537, 0.5072267651557922]","[0.4171459674835205, 0.3273072838783264]","[0.3959963321685791, 0.2100907564163208]","[0.3761592209339142, 0.1175801157951355]","[0.36284857988357544, 0.5741139650344849]","[0.27510562539100647, 0.4688780605792999]","[0.21532675623893738, 0.39262014627456665]","[0.16871333122253418, 0.31936922669410706]"
"[0.535287618637085, 0.9531130790710449]","[0.6675482392311096, 0.8780125379562378]","[0.7950891852378845, 0.7194278240203857]","[0.8182220458984375, 0.5664549469947815]","[0.7206987738609314, 0.4893540143966675]","[0.673492431640625, 0.5082162618637085]","[0.6814290285110474, 0.35765549540519714]","[0.7005326747894287, 0.4036216735839844]","[0.7100227475166321, 0.49254581332206726]","[0.5623637437820435, 0.4791494309902191]","[0.5622361898422241, 0.2735847532749176]","[0.5681928396224976, 0.15082666277885437]","[0.5728294253349304, 0.03934890031814575]","[0.47168272733688354, 0.5030109882354736]","[0.4335986375808716, 0.3254721164703369]","[0.4192257523536682, 0.21240362524986267]","[0.40192246437072754, 0.12051695585250854]","[0.37811481952667236, 0.569770097732544]","[0.29082486033439636, 0.4563884139060974]","[0.23140862584114075, 0.37430912256240845]","[0.18281489610671997, 0.2966419458389282]"
"[0.4842681884765625, 0.9334458112716675]","[0.6264819502830505, 0.8196905851364136]","[0.7359094619750977, 0.6402814984321594]","[0.7730274796485901, 0.48080164194107056]","[0.6911280751228333, 0.3931241035461426]","[0.581774115562439, 0.46460649371147156]","[0.6009120941162109, 0.2971366047859192]","[0.6341145038604736, 0.3442162573337555]","[0.6513075828552246, 0.43595656752586365]","[0.48136013746261597, 0.4483889639377594]","[0.4843764305114746, 0.2537941038608551]","[0.48363369703292847, 0.1365315020084381]","[0.48160266876220703, 0.029601305723190308]","[0.39753422141075134, 0.4727005064487457]","[0.3631104826927185, 0.30320605635643005]","[0.35481205582618713, 0.18607944250106812]","[0.3486867845058441, 0.09366345405578613]","[0.3137142062187195, 0.5311897397041321]","[0.27050742506980896, 0.4119326174259186]","[0.24235481023788452, 0.3221302926540375]","[0.21988368034362793, 0.24403977394104004]"
"[0.5263052582740784, 0.9066377878189087]","[0.6691175699234009, 0.8146183490753174]","[0.7966989874839783, 0.6567661762237549]","[0.8522650599479675, 0.510881781578064]","[0.7573959827423096, 0.443905770778656]","[0.6421526670455933, 0.46541279554367065]","[0.6574873924255371, 0.3096299171447754]","[0.675481379032135, 0.3312574625015259]","[0.6773092746734619, 0.4129893183708191]","[0.5237018465995789, 0.4448390007019043]","[0.5101537704467773, 0.25383591651916504]","[0.4978709816932678, 0.14061114192008972]","[0.48404306173324585, 0.04078972339630127]","[0.42940065264701843, 0.46584442257881165]","[0.37190479040145874, 0.3033401370048523]","[0.3389700949192047, 0.19471144676208496]","[0.3131795823574066, 0.10913804173469543]","[0.3374377489089966, 0.5260488986968994]","[0.24755394458770752, 0.43030470609664917]","[0.1863897144794464, 0.36214780807495117]","[0.1400950849056244, 0.30267220735549927]"
"[0.49212646484375, 0.8991231918334961]","[0.6356067657470703, 0.8243805170059204]","[0.7742922306060791, 0.6654127836227417]","[0.8424040675163269, 0.5179683566093445]","[0.7475290298461914, 0.45494842529296875]","[0.6250772476196289, 0.4710133671760559]","[0.6519725918769836, 0.3152759075164795]","[0.6823859214782715, 0.32584118843078613]","[0.6905851364135742, 0.40398257970809937]","[0.510735034942627, 0.4430842995643616]","[0.5126088857650757, 0.2445225715637207]","[0.5108276605606079, 0.13097339868545532]","[0.5075391530990601, 0.036679357290267944]","[0.4201437830924988, 0.4592609405517578]","[0.37882715463638306, 0.29272857308387756]","[0.3591686487197876, 0.17923001945018768]","[0.33934664726257324, 0.09902545809745789]","[0.3299808204174042, 0.5139833092689514]","[0.25344544649124146, 0.4148879051208496]","[0.19965103268623352, 0.34164032340049744]","[0.15772056579589844, 0.2806326150894165]"
"[0.49933546781539917, 0.9085568189620972]","[0.6365066766738892, 0.8301732540130615]","[0.7726539373397827, 0.6793502569198608]","[0.838232159614563, 0.5383338332176208]","[0.7447295784950256, 0.4732056260108948]","[0.6287334561347961, 0.4821699559688568]","[0.6515591740608215, 0.32386741042137146]","[0.6744168996810913, 0.34289100766181946]","[0.6791223287582397, 0.4214029014110565]","[0.5123931169509888, 0.45296233892440796]","[0.5082919597625732, 0.25608718395233154]","[0.4998070001602173, 0.1390775442123413]","[0.4922977089881897, 0.038776934146881104]","[0.4216076731681824, 0.46938955783843994]","[0.3716028332710266, 0.30524009466171265]","[0.34487611055374146, 0.19170032441616058]","[0.3240496516227722, 0.10458505153656006]","[0.33479663729667664, 0.5255881547927856]","[0.2546463906764984, 0.4278132915496826]","[0.19668376445770264, 0.3569299578666687]","[0.15287810564041138, 0.29493409395217896]"
"[0.5545174479484558, 0.9552528858184814]","[0.6842535734176636, 0.8776463270187378]","[0.8101730346679688, 0.7093530893325806]","[0.8422516584396362, 0.5575251579284668]","[0.7369919419288635, 0.4891294240951538]","[0.6779322624206543, 0.5032001733779907]","[0.6838857531547546, 0.35135579109191895]","[0.7050573825836182, 0.3933092951774597]","[0.7158885598182678, 0.47896963357925415]","[0.5653325915336609, 0.4781359136104584]","[0.5577905178070068, 0.27283036708831787]","[0.5621069669723511, 0.15105614066123962]","[0.563416600227356, 0.04348745942115784]","[0.4756912589073181, 0.5047799348831177]","[0.4291616976261139, 0.3264298737049103]","[0.4093282222747803, 0.21206337213516235]","[0.38671183586120605, 0.1218627393245697]","[0.3861998915672302, 0.5738143920898438]","[0.2899945080280304, 0.46331122517585754]","[0.22238117456436157, 0.3839607536792755]","[0.1666574478149414, 0.30929499864578247]"
"[0.5175293684005737, 0.9486233592033386]","[0.6577574610710144, 0.8771764039993286]","[0.7936381101608276, 0.720641016960144]","[0.8186257481575012, 0.5621020793914795]","[0.7088775634765625, 0.4871274530887604]","[0.6679157614707947, 0.5177358388900757]","[0.6763768792152405, 0.3628762662410736]","[0.6937088966369629, 0.41518500447273254]","[0.7013060450553894, 0.505869448184967]","[0.5548899173736572, 0.4853692650794983]","[0.560776948928833, 0.27361559867858887]","[0.5743402242660522, 0.14926856756210327]","[0.5865641236305237, 0.03612390160560608]","[0.45927125215530396, 0.5087514519691467]","[0.4188392162322998, 0.3294093608856201]","[0.3983357846736908, 0.2164079248905182]","[0.37698298692703247, 0.12386080622673035]","[0.3621123433113098, 0.5727721452713013]","[0.2788112163543701, 0.46466878056526184]","[0.22185078263282776, 0.3887042999267578]","[0.17472290992736816, 0.3149522542953491]"
"[0.4451064467430115, 0.8817475438117981]","[0.5883498191833496, 0.8424444198608398]","[0.7243431210517883, 0.7380850315093994]","[0.766046404838562, 0.6285787224769592]","[0.6872668862342834, 0.559909999370575]","[0.6354592442512512, 0.4999004006385803]","[0.7028617858886719, 0.39885807037353516]","[0.6849734783172607, 0.46926403045654297]","[0.6442517042160034, 0.5542523860931396]","[0.5086272358894348, 0.44881826639175415]","[0.5269486904144287, 0.25532275438308716]","[0.5405009984970093, 0.15100905299186707]","[0.5495871305465698, 0.05332055687904358]","[0.39610493183135986, 0.4529874324798584]","[0.3704603612422943, 0.29342973232269287]","[0.36262673139572144, 0.19587507843971252]","[0.3589586019515991, 0.11012595891952515]","[0.28772976994514465, 0.5055480599403381]","[0.24487924575805664, 0.38288652896881104]","[0.22070837020874023, 0.2983309030532837]","[0.20853719115257263, 0.2189095914363861]"
